title_norm,freq
back end developer intern,4
infrastructure lab technician apprentice,3
associate package specialist application operations,2
associate package consultant adobe experience manager,2
application developer intern azure cloud migration,2
application developer azure cloud migration,2
site reliability engineer intern,2
hardware developer intern,2
product manager intern,2
application developer adobe marketing analytics,1
application consultant azure cloud,1
application consultant intern azure cloud,1
ai foundations research co op,1
ai ml engineering internship svl,1
application developer intern red hat cloud migration,1
application developer intern oracle middleware,1
application developer intern client innovation center entry level,1
application developer intern asset management,1
application developer aws cloud fullstack,1
application developer intern adobe experience manager,1
application developer adobe experience manager,1
application developer intern salesforce,1
associate application developer,1
associate application developer business applications,1
associate application developer hybrid cloud and data,1
associate business transformation consultant adobe,1
application developer service now,1
associate ai analytics data scientist finance transformation,1
application developer oracle,1
application developer intern service now,1
associate data engineer client innovation center entry level,1
associate consultant public market hybrid cloud data,1
associate designer co op financial services,1
associate delivery consultant entry level program,1
associate developer,1
associate developer co op financial services,1
associate developer intern microsoft oracle application operations salesforce and servicenow,1
associate designer,1
associate package consultant adobe marketing analytics,1
associate package consultant co op financial services,1
