trigram,count
team based environment,62
client innovation center,57
innovation center cic,57
working onsite collaborative,53
onsite collaborative team,53
collaborative team based,53
comfortable working onsite,53
structured training mentorship,51
problem solving skills,49
ability translate business,47
hands project work,44
qualifications essential success,43
essential success role,43
high delivery team,42
delivery team based,42
training mentorship teamwork,42
team based environments,42
hybrid cloud ai,41
relationships close collaboration,40
career ibm consulting,40
analytical problem solving,40
platforms ibm portfolio,39
partner ecosystem robust,39
industries improve hybrid,39
innovative valuable companies,39
