id,title,location_summary,reason
87011,Associate Package Specialist 2026- Business Applications,Multiple Cities,no inferred state
87269,Data Engineer Intern - Client Innovation Center (Entry Level),Multiple Cities,no inferred state
94575,Technical Project Manager - Core Software Center of Excellence - ELH,Multiple Cities,no inferred state
65792,"ELH Site Reliability Engineer Lowell, SVL, Austin",Multiple Cities,no inferred state
89835,Data Engineer 2026- Data Integration,Multiple Cities,no inferred state
80255,Data and AI Intern,Multiple Cities,no inferred state
73079,Back End Developer Intern 2026,Multiple Cities,no inferred state
86217,Tech Support Intern 2026,Multiple Cities,no inferred state
106746,AI Foundations - Research Co-Op,Multiple Cities,no inferred state
73750,"Associate Consultant - Public Market, Hybrid Cloud & Data 2026",Multiple Cities,no inferred state
89762,Package Specialist  Intern 2026- SAP HANA SCM MM,Multiple Cities,no inferred state
75325,"Power Systems Development -Firmware, Hypervisor, Operating Systems,  AI Enablement",Multiple Cities,no inferred state
80863,Site Reliability Engineer Intern,Multiple Cities,no inferred state
91689,Software Developer 2026 ELH,Multiple Cities,no inferred state
95592,Product Manager Co-op Fall 2026,Multiple Cities,no inferred state
91238,Product Manager Intern 2026,Multiple Cities,no inferred state
106901,Package Specialist 2026- Strategy and Transformation- Finance/simpler,Multiple Cities,no inferred state
60609,Firmware Developer Intern 2026,Multiple Cities,no inferred state
79672,MBA Summer Intern - AI-First Transformation & Value Creation (NYC and Armonk),Multiple Cities,no inferred state
87017,Associate Security Specialist - 2026,Multiple Cities,no inferred state
87015,Associate Data Engineer - Client Innovation Center (Entry Level),Multiple Cities,no inferred state
100430,Software Engineer - Watsonx Data Platform,Multiple Cities,no inferred state
106895,Package Specialist 2026- Strategy and Transformation-Customer,Multiple Cities,no inferred state
107411,Associate Package Specialist 2026 Business Application,Multiple Cities,no inferred state
94090,Product Manager Intern 2026 - Cambridge,Multiple Cities,no inferred state
48576,2026 Intern Conversion,Multiple Cities,no inferred state
89823,Application Developer Intern 2026- Asset Management,Multiple Cities,no inferred state
93233,Forward Deployed Engineer - Intern,Multiple Cities,no inferred state
107413,Associate Package Specialist 2026 Application Operations,Multiple Cities,no inferred state
55106,Hardware Developer Intern 2026,Multiple Cities,no inferred state
64446,Associate Package Consultant Co-op 2026 - Financial Services,"No City, US",US city not mapped
91272,Product Manager 2026 ELH,Multiple Cities,no inferred state
74218,Entry Level Hardware Developer,Multiple Cities,no inferred state
93603,Associate Package Consultant 2026 - Adobe Experience Manager,Multiple Cities,no inferred state
95572,Software Developer Co-Op Fall 2026,Multiple Cities,no inferred state
89824,Application Developer	2026- AWS Cloud FullStack,Multiple Cities,no inferred state
97087,Associate Business Transformation Consultant - Business Operations-Finance 2026,Multiple Cities,no inferred state
73400,Entry Level Back End Developer 2026,Multiple Cities,no inferred state
73083,Back End Developer Intern 2026,Multiple Cities,no inferred state
91234,Designer Intern 2026,Multiple Cities,no inferred state
91259,Designer 2026 ELH,Multiple Cities,no inferred state
73092,Entry Level Firmware Developer,Multiple Cities,no inferred state
93224,Forward Deployed Engineer  - Entry Level,Multiple Cities,no inferred state
96709,Quantum Error Correction Control Systems Engineer,Multiple Cities,no inferred state
64445,Associate Application Consultant Co-op 2026,"No City, US",US city not mapped
87264,Application Developer Intern - Client Innovation Center (Entry Level),Multiple Cities,no inferred state
89736,Data Engineer Intern 2026- Data Platforms,Multiple Cities,no inferred state
102083,Quantum Calibration Software Developer,Multiple Cities,no inferred state
66563,Associate Delivery Consultant - Entry Level Program 2026,Multiple Cities,no inferred state
73404,Hardware and Systems Development Interns - 2026 (Multiple Openings),Multiple Cities,no inferred state
65788,Site Reliability Engineer Intern 2026,Multiple Cities,no inferred state
87003,Associate Application Developer 2026  - Business Applications,Multiple Cities,no inferred state
73023,Hardware Developer Intern 2026,Multiple Cities,no inferred state
97089,Associate Strategy Consultant-Finance 2026,Multiple Cities,no inferred state
92361,Product Manager 2026 Intern,Multiple Cities,no inferred state
103618,Customer Success Engineer Data Security,Multiple Cities,no inferred state
87004,Associate Application Developer -  Hybrid Cloud and Data,Multiple Cities,no inferred state
96191,"Entry Level Technical Support Engineer - Austin, Lowell, San Jose,Durham",Multiple Cities,no inferred state
89790,Data Engineer Intern 2026 - Data Integration,Multiple Cities,no inferred state
55372,Back End Developer Intern 2026,Multiple Cities,no inferred state
87033,Package Specialist Intern - Client Innovation Center (Entry Level) 2026,Multiple Cities,no inferred state
103622,Technology Sales- Intern Co-op,Multiple Cities,no inferred state
89780,Data Engineer Intern 2026 - Business Intelligence,Multiple Cities,no inferred state
106399,Associate Business Transformation Consultant 2026- Adobe,Multiple Cities,no inferred state
106892,Package Specialist 2026- Strategy and Transformation- Talent,Multiple Cities,no inferred state
